INSERT INTO organisation(id,version,adresse,code_postal,date_creation,denomination,duns_number,hatvp_number,type_identifiant_national,pays,rna,siren,siteweb,ville,nom_usage_siren) VALUES (1,1,'CELAD\n48 ROUTE DE LAVAUR\nBP 93239','31130', '2017-11-14 16:35:05.220','CELAD',null,null,'SIREN','FRANCE',null,'387837032',null,'BALMA','ok');
INSERT INTO organisation(id,version,adresse,code_postal,date_creation,denomination,duns_number,hatvp_number,type_identifiant_national,pays,rna,siren,siteweb,ville,nom_usage_siren) VALUES (2,0,'ECONOCOM FRANCE\n40 QUAI DE DION BOUTON\nCS 60011','92812', '2017-11-27 15:30:34.0','ECONOCOM FRANCE',null,null,'SIREN','FRANCE',null,'301364824',null,'PUTEAUX CEDEX',null);
INSERT INTO organisation(id,version,adresse,code_postal,date_creation,denomination,duns_number,hatvp_number,type_identifiant_national,pays,rna,siren,siteweb,ville,nom_usage_siren) VALUES (3,0,'APPLE RETAIL FRANCE EURL\nTMF POLE\n52 RUE DE LA VICTOIRE','75009', '2017-11-27 19:11:30.0','APPLE RETAIL FRANCE EURL',null,null,'SIREN','FRANCE',null,'483209383',null,'PARIS',null);
INSERT INTO organisation(id,version,adresse,code_postal,date_creation,denomination,duns_number,hatvp_number,type_identifiant_national,pays,rna,siren,siteweb,ville,nom_usage_siren) VALUES (5,0,'GROUPE OPEN\n24 32 CHAMPERRET\nCARRE\n24 RUE JACQUES IBERT','92300', '2017-11-28 12:26:57.185','GROUPE OPEN',null,null,'SIREN','FRANCE',null,'348975087',null,'LEVALLOIS PERRET',null);
INSERT INTO organisation(id,version,adresse,code_postal,date_creation,denomination,duns_number,hatvp_number,type_identifiant_national,pays,rna,siren,siteweb,ville,nom_usage_siren) VALUES (6,0,'MADAME MARIE NOGUES\nLE PONT BLANC\n17 FAUBOURG SAINT MICHEL','44350', '2017-12-01 14:27:09.756','NICOLAS NOGUES MARIE',null,null,'SIREN','FRANCE',null,'005671870',null,'GUERANDE',null);
INSERT INTO organisation(id,version,adresse,code_postal,date_creation,denomination,duns_number,hatvp_number,type_identifiant_national,pays,rna,siren,siteweb,ville,nom_usage_siren) VALUES (7,0,'COMMUNE DE GEISPITZEN\nMAIRIE','68510', '2017-12-01 15:40:31.289','COMMUNE DE GEISPITZEN',null,null,'SIREN','FRANCE',null,'216801035',null,'GEISPITZEN',null);
INSERT INTO organisation(id,version,adresse,code_postal,date_creation,denomination,duns_number,hatvp_number,type_identifiant_national,pays,rna,siren,siteweb,ville,nom_usage_siren) VALUES (8,0,'COMMUNE D AUMERVAL\nMAIRIE\nLA PLACE','62550', '2017-12-01 15:40:31.285','COMMUNE D''AUMERVAL',null,null,'SIREN','FRANCE',null,'216200584',null,'AUMERVAL',null);
INSERT INTO organisation(id,version,adresse,code_postal,date_creation,denomination,duns_number,hatvp_number,type_identifiant_national,pays,rna,siren,siteweb,ville,nom_usage_siren) VALUES (9,0,'COMMUNE DE HYET\nMAIRIE','70190', '2017-12-01 15:40:31.290','COMMUNE DE HYET',null,null,'SIREN','FRANCE',null,'217002880',null,'HYET',null);
INSERT INTO organisation(id,version,adresse,code_postal,date_creation,denomination,duns_number,hatvp_number,type_identifiant_national,pays,rna,siren,siteweb,ville,nom_usage_siren) VALUES (10,0,'COMMUNE DE BOISSEY\nMAIRIE\nAU BOURG','01190', '2017-12-01 15:40:31.269','COMMUNE DE BOISSEY',null,null,'SIREN','FRANCE',null,'210100509',null,'BOISSEY',null);
INSERT INTO organisation(id,version,adresse,code_postal,date_creation,denomination,duns_number,hatvp_number,type_identifiant_national,pays,rna,siren,siteweb,ville,nom_usage_siren) VALUES (11,0,'COMMUNE DE PROUZEL\nMAIRIE','80160', '2017-12-01 15:40:31.296','COMMUNE DE PROUZEL',null,null,'SIREN','FRANCE',null,'218006054',null,'PROUZEL',null);
INSERT INTO organisation(id,version,adresse,code_postal,date_creation,denomination,duns_number,hatvp_number,type_identifiant_national,pays,rna,siren,siteweb,ville,nom_usage_siren) VALUES (12,0,'COMMUNE DE SEM\nMAIRIE','09220', '2017-12-01 15:40:31.271','COMMUNE DE SEM',null,null,'SIREN','FRANCE',null,'210902862',null,'SEM',null);
INSERT INTO organisation(id,version,adresse,code_postal,date_creation,denomination,duns_number,hatvp_number,type_identifiant_national,pays,rna,siren,siteweb,ville,nom_usage_siren) VALUES (13,0,'COMMUNE DE GARANCIERES\nMAIRIE','78890', '2017-12-01 15:40:31.295','COMMUNE DE GARANCIERES',null,null,'SIREN','FRANCE',null,'217802651',null,'GARANCIERES',null);
INSERT INTO organisation(id,version,adresse,code_postal,date_creation,denomination,duns_number,hatvp_number,type_identifiant_national,pays,rna,siren,siteweb,ville,nom_usage_siren) VALUES (14,0,'COMMUNE D ARS\nMAIRIE\nLE BOURG','23480', '2017-12-01 15:40:31.273','COMMUNE D''ARS',null,null,'SIREN','FRANCE',null,'212300701',null,'ARS',null);
INSERT INTO organisation(id,version,adresse,code_postal,date_creation,denomination,duns_number,hatvp_number,type_identifiant_national,pays,rna,siren,siteweb,ville,nom_usage_siren) VALUES (15,0,'COMMUNE DE LUC\nMAIRIE','65190', '2017-12-01 15:40:31.287','COMMUNE DE LUC',null,null,'SIREN','FRANCE',null,'216502906',null,'LUC',null);
INSERT INTO organisation(id,version,adresse,code_postal,date_creation,denomination,duns_number,hatvp_number,type_identifiant_national,pays,rna,siren,siteweb,ville,nom_usage_siren) VALUES (16,0,'COMMUNE D UTELLE\nMAIRIE','06450', '2017-12-01 15:40:31.270','COMMUNE D UTELLE',null,null,'SIREN','FRANCE',null,'210601514',null,'UTELLE',null);
INSERT INTO organisation(id,version,adresse,code_postal,date_creation,denomination,duns_number,hatvp_number,type_identifiant_national,pays,rna,siren,siteweb,ville,nom_usage_siren) VALUES (17,0,'COMMUNE DE CABRESPINE\nMAIRIE','11160', '2017-12-01 15:40:31.272','COMMUNE DE CABRESPINE',null,null,'SIREN','FRANCE',null,'211100565',null,'CABRESPINE',null);
INSERT INTO organisation(id,version,adresse,code_postal,date_creation,denomination,duns_number,hatvp_number,type_identifiant_national,pays,rna,siren,siteweb,ville,nom_usage_siren) VALUES (18,0,'COMMUNE D ALMAYRAC\nMAIRIE','81190', '2017-12-01 15:40:31.297','COMMUNE D ALMAYRAC',null,null,'SIREN','FRANCE',null,'218100089',null,'ALMAYRAC',null);
INSERT INTO organisation(id,version,adresse,code_postal,date_creation,denomination,duns_number,hatvp_number,type_identifiant_national,pays,rna,siren,siteweb,ville,nom_usage_siren) VALUES (19,0,'COMMUNE DE SALES\nMAIRIE','74150', '2017-12-01 15:40:31.293','COMMUNE DE SALES',null,null,'SIREN','FRANCE',null,'217402551',null,'SALES',null);
INSERT INTO organisation(id,version,adresse,code_postal,date_creation,denomination,duns_number,hatvp_number,type_identifiant_national,pays,rna,siren,siteweb,ville,nom_usage_siren) VALUES (20,0,'COMMUNE DE LYS\nMAIRIE','64260', '2017-12-01 15:40:31.286','COMMUNE DE LYS',null,null,'SIREN','FRANCE',null,'216403634',null,'LYS',null);
INSERT INTO organisation(id,version,adresse,code_postal,date_creation,denomination,duns_number,hatvp_number,type_identifiant_national,pays,rna,siren,siteweb,ville,nom_usage_siren) VALUES (21,0,'COMMUNE D ONOZ\nMAIRIE','39270', '2017-12-01 15:40:31.276','COMMUNE D ONOZ',null,null,'SIREN','FRANCE',null,'213903941',null,'ONOZ',null);
INSERT INTO organisation(id,version,adresse,code_postal,date_creation,denomination,duns_number,hatvp_number,type_identifiant_national,pays,rna,siren,siteweb,ville,nom_usage_siren) VALUES (22,0,'COMMUNE D OIGNY\nMAIRIE\nLE BOURG','41170', '2017-12-01 15:40:31.279','COMMUNE D OIGNY',null,null,'SIREN','FRANCE',null,'214101651',null,'OIGNY',null);
INSERT INTO organisation(id,version,adresse,code_postal,date_creation,denomination,duns_number,hatvp_number,type_identifiant_national,pays,rna,siren,siteweb,ville,nom_usage_siren) VALUES (23,0,'COMMUNE DE ELBACH\nMAIRIE','68210', '2017-12-01 15:40:31.288','COMMUNE DE ELBACH',null,null,'SIREN','FRANCE',null,'216800797',null,'ELBACH',null);
INSERT INTO organisation(id,version,adresse,code_postal,date_creation,denomination,duns_number,hatvp_number,type_identifiant_national,pays,rna,siren,siteweb,ville,nom_usage_siren) VALUES (24,0,'COMMUNE D ANTIN\nMAIRIE','65220', '2017-12-01 15:40:31.286','COMMUNE D ANTIN',null,null,'SIREN','FRANCE',null,'216500157',null,'ANTIN',null);
INSERT INTO organisation(id,version,adresse,code_postal,date_creation,denomination,duns_number,hatvp_number,type_identifiant_national,pays,rna,siren,siteweb,ville,nom_usage_siren) VALUES (25,0,'COMMUNE DU PONTET\nMAIRIE\nLA COCHE','73110', '2017-12-01 15:40:31.292','COMMUNE DU PONTET',null,null,'SIREN','FRANCE',null,'217302058',null,'LE PONTET',null);
INSERT INTO organisation(id,version,adresse,code_postal,date_creation,denomination,duns_number,hatvp_number,type_identifiant_national,pays,rna,siren,siteweb,ville,nom_usage_siren) VALUES (26,0,'COMMUNE DE RUE\nMAIRIE\nRUE ERNEST DUMONT','80120', '2017-12-01 15:40:31.296','COMMUNE DE RUE',null,null,'SIREN','FRANCE',null,'218006484',null,'RUE',null);
INSERT INTO organisation(id,version,adresse,code_postal,date_creation,denomination,duns_number,hatvp_number,type_identifiant_national,pays,rna,siren,siteweb,ville,nom_usage_siren) VALUES (27,0,'COMMUNE D ACHEY\nMAIRIE','70180', '2017-12-01 15:40:31.289','COMMUNE D ACHEY',null,null,'SIREN','FRANCE',null,'217000033',null,'ACHEY',null);
INSERT INTO organisation(id,version,adresse,code_postal,date_creation,denomination,duns_number,hatvp_number,type_identifiant_national,pays,rna,siren,siteweb,ville,nom_usage_siren) VALUES (28,0,'COMMUNE D AUVE\nMAIRIE\n12 RUE DE LA MAIRIE','51800', '2017-12-01 15:40:31.281','COMMUNE D''AUVE',null,null,'SIREN','FRANCE',null,'215100231',null,'AUVE',null);
INSERT INTO organisation(id,version,adresse,code_postal,date_creation,denomination,duns_number,hatvp_number,type_identifiant_national,pays,rna,siren,siteweb,ville,nom_usage_siren) VALUES (29,0,'COMMUNE D AULAS\nMAIRIE','30120', '2017-12-01 15:40:31.275','COMMUNE D AULAS',null,null,'SIREN','FRANCE',null,'213000243',null,'AULAS',null);
INSERT INTO organisation(id,version,adresse,code_postal,date_creation,denomination,duns_number,hatvp_number,type_identifiant_national,pays,rna,siren,siteweb,ville,nom_usage_siren) VALUES (30,0,'COMMUNE DE NAY\nMAIRIE\nLE BOURG','50190', '2017-12-01 15:40:31.280','COMMUNE DE NAY',null,null,'SIREN','FRANCE',null,'215003682',null,'NAY',null);
INSERT INTO organisation(id,version,adresse,code_postal,date_creation,denomination,duns_number,hatvp_number,type_identifiant_national,pays,rna,siren,siteweb,ville,nom_usage_siren) VALUES (31,0,'COMMUNE SAMMERON\nMAIRIE','77260', '2017-12-01 15:40:31.293','COMMUNE SAMMERON',null,null,'SIREN','FRANCE',null,'217704402',null,'SAMMERON',null);
INSERT INTO organisation(id,version,adresse,code_postal,date_creation,denomination,duns_number,hatvp_number,type_identifiant_national,pays,rna,siren,siteweb,ville,nom_usage_siren) VALUES (32,0,'COMMUNE D IGE\nMAIRIE\n45 RUE DU MANS','61130', '2017-12-01 15:40:31.285','COMMUNE D''IGE',null,null,'SIREN','FRANCE',null,'216102079',null,'IGE',null);
INSERT INTO organisation(id,version,adresse,code_postal,date_creation,denomination,duns_number,hatvp_number,type_identifiant_national,pays,rna,siren,siteweb,ville,nom_usage_siren) VALUES (33,0,'COMMUNE DE BOISNEY\nMAIRIE','27800', '2017-12-01 15:40:31.273','COMMUNE DE BOISNEY',null,null,'SIREN','FRANCE',null,'212700744',null,'BOISNEY',null);
INSERT INTO organisation(id,version,adresse,code_postal,date_creation,denomination,duns_number,hatvp_number,type_identifiant_national,pays,rna,siren,siteweb,ville,nom_usage_siren) VALUES (34,0,'COMMUNE DE LEME\nMAIRIE','64450', '2017-12-01 15:40:31.285','COMMUNE DE LEME',null,null,'SIREN','FRANCE',null,'216403329',null,'LEME',null);
INSERT INTO organisation(id,version,adresse,code_postal,date_creation,denomination,duns_number,hatvp_number,type_identifiant_national,pays,rna,siren,siteweb,ville,nom_usage_siren) VALUES (35,0,'COMMUNE DE FAUX\nMAIRIE','08270', '2017-12-01 15:40:31.270','COMMUNE DE FAUX',null,null,'SIREN','FRANCE',null,'210801502',null,'FAUX',null);
INSERT INTO organisation(id,version,adresse,code_postal,date_creation,denomination,duns_number,hatvp_number,type_identifiant_national,pays,rna,siren,siteweb,ville,nom_usage_siren) VALUES (36,0,'COMMUNE DE PLAN\nMAIRIE','38590', '2017-12-01 15:40:31.276','COMMUNE DE PLAN',null,null,'SIREN','FRANCE',null,'213803083',null,'PLAN',null);
INSERT INTO organisation(id,version,adresse,code_postal,date_creation,denomination,duns_number,hatvp_number,type_identifiant_national,pays,rna,siren,siteweb,ville,nom_usage_siren) VALUES (37,0,'COMMUNE DE POMOY\nMAIRIE','70240', '2017-12-01 15:40:31.290','COMMUNE DE POMOY',null,null,'SIREN','FRANCE',null,'217004167',null,'POMOY',null);
INSERT INTO organisation(id,version,adresse,code_postal,date_creation,denomination,duns_number,hatvp_number,type_identifiant_national,pays,rna,siren,siteweb,ville,nom_usage_siren) VALUES (38,0,'COMMUNE D HOLQUE\nMAIRIE\nLA PLACE','59143', '2017-12-01 15:40:31.284','COMMUNE D HOLQUE',null,null,'SIREN','FRANCE',null,'215903071',null,'HOLQUE',null);
INSERT INTO organisation(id,version,adresse,code_postal,date_creation,denomination,duns_number,hatvp_number,type_identifiant_national,pays,rna,siren,siteweb,ville,nom_usage_siren) VALUES (39,0,'COMMUNE DE LEY\nMAIRIE\n41 RUE PRINCIPALE','57810', '2017-12-01 15:40:31.283','COMMUNE DE LEY',null,null,'SIREN','FRANCE',null,'215703976',null,'LEY',null);
INSERT INTO organisation(id,version,adresse,code_postal,date_creation,denomination,duns_number,hatvp_number,type_identifiant_national,pays,rna,siren,siteweb,ville,nom_usage_siren) VALUES (40,0,'COMMUNE D ORBAN\nMAIRIE','81120', '2017-12-01 15:40:31.297','COMMUNE D ORBAN',null,null,'SIREN','FRANCE',null,'218101988',null,'ORBAN',null);
INSERT INTO organisation(id,version,adresse,code_postal,date_creation,denomination,duns_number,hatvp_number,type_identifiant_national,pays,rna,siren,siteweb,ville,nom_usage_siren) VALUES (41,0,'COMMUNE DE MOLAC\nMAIRIE\n8 RUE JOLLIVET','56230', '2017-12-01 15:40:31.283','COMMUNE DE MOLAC',null,null,'SIREN','FRANCE',null,'215601352',null,'MOLAC',null);
INSERT INTO organisation(id,version,adresse,code_postal,date_creation,denomination,duns_number,hatvp_number,type_identifiant_national,pays,rna,siren,siteweb,ville,nom_usage_siren) VALUES (42,0,'COMMUNE D EPIAIS\nMAIRIE','41290', '2017-12-01 15:40:31.278','COMMUNE D EPIAIS',null,null,'SIREN','FRANCE',null,'214100778',null,'EPIAIS',null);
INSERT INTO organisation(id,version,adresse,code_postal,date_creation,denomination,duns_number,hatvp_number,type_identifiant_national,pays,rna,siren,siteweb,ville,nom_usage_siren) VALUES (43,0,'COMMUNE DE SANCE\nMAIRIE','71000', '2017-12-01 15:40:31.291','COMMUNE DE SANCE',null,null,'SIREN','FRANCE',null,'217104975',null,'SANCE',null);
INSERT INTO organisation(id,version,adresse,code_postal,date_creation,denomination,duns_number,hatvp_number,type_identifiant_national,pays,rna,siren,siteweb,ville,nom_usage_siren) VALUES (44,0,'COMMUNE DE VALFF\nMAIRIE','67210', '2017-12-01 15:40:31.288','COMMUNE DE VALFF',null,null,'SIREN','FRANCE',null,'216705046',null,'VALFF',null);
INSERT INTO organisation(id,version,adresse,code_postal,date_creation,denomination,duns_number,hatvp_number,type_identifiant_national,pays,rna,siren,siteweb,ville,nom_usage_siren) VALUES (45,0,'COMMUNE DE SONGESON\nMAIRIE','39130', '2017-12-01 15:40:31.277','COMMUNE DE SONGESON',null,null,'SIREN','FRANCE',null,'213905185',null,'SONGESON',null);
INSERT INTO organisation(id,version,adresse,code_postal,date_creation,denomination,duns_number,hatvp_number,type_identifiant_national,pays,rna,siren,siteweb,ville,nom_usage_siren) VALUES (46,0,'COMMUNE DE LE FAVRIL\nMAIRIE','28190', '2017-12-01 15:40:31.274','COMMUNE DE LE FAVRIL',null,null,'SIREN','FRANCE',null,'212801484',null,'LE FAVRIL',null);
INSERT INTO organisation(id,version,adresse,code_postal,date_creation,denomination,duns_number,hatvp_number,type_identifiant_national,pays,rna,siren,siteweb,ville,nom_usage_siren) VALUES (47,0,'COMMUNE URY\nMAIRIE','77760', '2017-12-01 15:40:31.295','COMMUNE URY',null,null,'SIREN','FRANCE',null,'217704774',null,'URY',null);
INSERT INTO organisation(id,version,adresse,code_postal,date_creation,denomination,duns_number,hatvp_number,type_identifiant_national,pays,rna,siren,siteweb,ville,nom_usage_siren) VALUES (48,0,'COMMUNE DE POUGY\nMAIRIE','10240', '2017-12-01 15:40:31.271','COMMUNE DE POUGY',null,null,'SIREN','FRANCE',null,'211002910',null,'POUGY',null);
INSERT INTO organisation(id,version,adresse,code_postal,date_creation,denomination,duns_number,hatvp_number,type_identifiant_national,pays,rna,siren,siteweb,ville,nom_usage_siren) VALUES (49,0,'COMMUNE D ORQUEVAUX\nMAIRIE','52700', '2017-12-01 15:40:31.282','COMMUNE D''ORQUEVAUX',null,null,'SIREN','FRANCE',null,'215202656',null,'ORQUEVAUX',null);
INSERT INTO organisation(id,version,adresse,code_postal,date_creation,denomination,duns_number,hatvp_number,type_identifiant_national,pays,rna,siren,siteweb,ville,nom_usage_siren) VALUES (50,0,'COMMUNE DE SALEICH\nMAIRIE','31260', '2017-12-01 15:40:31.275','COMMUNE DE SALEICH',null,null,'SIREN','FRANCE',null,'213105216',null,'SALEICH',null);
INSERT INTO organisation(id,version,adresse,code_postal,date_creation,denomination,duns_number,hatvp_number,type_identifiant_national,pays,rna,siren,siteweb,ville,nom_usage_siren) VALUES (51,0,'COMMUNE DE FOCE\nMAIRIE','20100', '2017-12-01 15:40:31.272','COMMUNE DE FOCE',null,null,'SIREN','FRANCE',null,'212001150',null,'FOCE',null);
INSERT INTO organisation(id,version,adresse,code_postal,date_creation,denomination,duns_number,hatvp_number,type_identifiant_national,pays,rna,siren,siteweb,ville,nom_usage_siren) VALUES (52,0,'COMMUNE DE LLO\nMAIRIE','66800', '2017-12-01 15:40:31.287','COMMUNE DE LLO',null,null,'SIREN','FRANCE',null,'216601005',null,'LLO',null);
INSERT INTO organisation(id,version,adresse,code_postal,date_creation,denomination,duns_number,hatvp_number,type_identifiant_national,pays,rna,siren,siteweb,ville,nom_usage_siren) VALUES (53,0,'COMMUNE DE SEGALAS\nMAIRIE','47410', '2017-12-01 15:40:31.280','COMMUNE DE SEGALAS',null,null,'SIREN','FRANCE',null,'214702961',null,'SEGALAS',null);
INSERT INTO organisation(id,version,adresse,code_postal,date_creation,denomination,duns_number,hatvp_number,type_identifiant_national,pays,rna,siren,siteweb,ville,nom_usage_siren) VALUES (54,0,'COMMUNE DE POYOLS\nMAIRIE','26310', '2017-12-01 15:40:31.273','COMMUNE DE POYOLS',null,null,'SIREN','FRANCE',null,'212602536',null,'POYOLS',null);
INSERT INTO organisation(id,version,adresse,code_postal,date_creation,denomination,duns_number,hatvp_number,type_identifiant_national,pays,rna,siren,siteweb,ville,nom_usage_siren) VALUES (55,0,'COMMUNE D ETH\nMAIRIE\nRUE D EN HAUT','59144', '2017-12-01 15:40:31.284','COMMUNE D''ETH',null,null,'SIREN','FRANCE',null,'215902172',null,'ETH',null);
INSERT INTO organisation(id,version,adresse,code_postal,date_creation,denomination,duns_number,hatvp_number,type_identifiant_national,pays,rna,siren,siteweb,ville,nom_usage_siren) VALUES (56,0,'COMMUNE DE TRENSACQ\nMAIRIE','40630', '2017-12-01 15:40:31.278','COMMUNE DE TRENSACQ',null,null,'SIREN','FRANCE',null,'214003196',null,'TRENSACQ',null);
INSERT INTO organisation(id,version,adresse,code_postal,date_creation,denomination,duns_number,hatvp_number,type_identifiant_national,pays,rna,siren,siteweb,ville,nom_usage_siren) VALUES (57,0,'COMMUNE PALEY\nMAIRIE','77710', '2017-12-01 15:40:31.294','COMMUNE PALEY',null,null,'SIREN','FRANCE',null,'217703537',null,'PALEY',null);
INSERT INTO organisation(id,version,adresse,code_postal,date_creation,denomination,duns_number,hatvp_number,type_identifiant_national,pays,rna,siren,siteweb,ville,nom_usage_siren) VALUES (58,0,'COMMUNE D''EU\nMAIRIE\nRUE JEAN DUHORNAY','76260', '2017-12-01 15:40:31.294','COMMUNE D''EU',null,null,'SIREN','',null,'217602556',null,'EU',null);
INSERT INTO organisation(id,version,adresse,code_postal,date_creation,denomination,duns_number,hatvp_number,type_identifiant_national,pays,rna,siren,siteweb,ville,nom_usage_siren) VALUES (59,0,'COMMUNE DE CORNIER\nMAIRIE','74800', '2017-12-01 15:40:31.292','COMMUNE DE CORNIER',null,null,'SIREN','FRANCE',null,'217400902',null,'CORNIER',null);
INSERT INTO organisation(id,version,adresse,code_postal,date_creation,denomination,duns_number,hatvp_number,type_identifiant_national,pays,rna,siren,siteweb,ville,nom_usage_siren) VALUES (60,0,'COMMUNE DE MONT\nMAIRIE','71140', '2017-12-01 15:40:31.291','COMMUNE DE MONT',null,null,'SIREN','FRANCE',null,'217103019',null,'MONT',null);
INSERT INTO organisation(id,version,adresse,code_postal,date_creation,denomination,duns_number,hatvp_number,type_identifiant_national,pays,rna,siren,siteweb,ville,nom_usage_siren) VALUES (61,0,'COMMUNE DE RAZES\nMAIRIE','87640', '2017-12-01 15:48:07.130','COMMUNE DE RAZES',null,null,'SIREN','FRANCE',null,'218712206',null,'RAZES',null);
INSERT INTO organisation(id,version,adresse,code_postal,date_creation,denomination,duns_number,hatvp_number,type_identifiant_national,pays,rna,siren,siteweb,ville,nom_usage_siren) VALUES (62,0,'CARRERA VOYAGES\n30 RUE SAINT LAZARE','75009', '2017-12-01 15:48:07.320','CARRERA VOYAGES',null,null,'SIREN','FRANCE',null,'304827660',null,'PARIS',null);
INSERT INTO organisation(id,version,adresse,code_postal,date_creation,denomination,duns_number,hatvp_number,type_identifiant_national,pays,rna,siren,siteweb,ville,nom_usage_siren) VALUES (63,0,'IPEART\n3 RUE LAMANDE','75017', '2017-12-01 15:48:07.250','IPEART',null,null,'SIREN','FRANCE',null,'301166468',null,'PARIS',null);
INSERT INTO organisation(id,version,adresse,code_postal,date_creation,denomination,duns_number,hatvp_number,type_identifiant_national,pays,rna,siren,siteweb,ville,nom_usage_siren) VALUES (64,0,'COCHET\n23 PLACE DES MAISONS NEUVES','69100', '2017-12-01 15:48:07.290','COCHET',null,null,'SIREN','FRANCE',null,'303376602',null,'VILLEURBANNE',null);
INSERT INTO organisation(id,version,adresse,code_postal,date_creation,denomination,duns_number,hatvp_number,type_identifiant_national,pays,rna,siren,siteweb,ville,nom_usage_siren) VALUES (65,0,'COMMUNE D HERY\nMAIRIE','89550', '2017-12-01 15:48:07.150','COMMUNE D HERY',null,null,'SIREN','FRANCE',null,'218902013',null,'HERY',null);
INSERT INTO organisation(id,version,adresse,code_postal,date_creation,denomination,duns_number,hatvp_number,type_identifiant_national,pays,rna,siren,siteweb,ville,nom_usage_siren) VALUES (66,0,'BB GR\n22 RUE DE MONTMORENCY','75003', '2017-12-01 15:48:07.280','BB GR',null,null,'SIREN','FRANCE',null,'302607957',null,'PARIS',null);
INSERT INTO organisation(id,version,adresse,code_postal,date_creation,denomination,duns_number,hatvp_number,type_identifiant_national,pays,rna,siren,siteweb,ville,nom_usage_siren) VALUES (67,0,'ZAZPIAK BAT\nLA PLACE','64310', '2017-12-01 15:48:07.240','ZAZPIAK BAT',null,null,'SIREN','FRANCE',null,'300701877',null,'SARE',null);
INSERT INTO organisation(id,version,adresse,code_postal,date_creation,denomination,duns_number,hatvp_number,type_identifiant_national,pays,rna,siren,siteweb,ville,nom_usage_siren) VALUES (68,0,'COMMUNE DE RUPPES\nMAIRIE','88630', '2017-12-01 15:48:07.140','COMMUNE DE RUPPES',null,null,'SIREN','FRANCE',null,'218804078',null,'RUPPES',null);
INSERT INTO organisation(id,version,adresse,code_postal,date_creation,denomination,duns_number,hatvp_number,type_identifiant_national,pays,rna,siren,siteweb,ville,nom_usage_siren) VALUES (69,0,'HV4\n95 RUE D ABOUKIR','75002', '2017-12-01 15:48:07.270','HV4',null,null,'SIREN','FRANCE',null,'301689782',null,'PARIS',null);
INSERT INTO organisation(id,version,adresse,code_postal,date_creation,denomination,duns_number,hatvp_number,type_identifiant_national,pays,rna,siren,siteweb,ville,nom_usage_siren) VALUES (70,0,'CAISSE DES ECOLES\nCDE','80290', '2017-12-01 15:48:07.230','CAISSE DES ECOLES',null,null,'SIREN','FRANCE',null,'268008687',null,'CROIXRAULT',null);
INSERT INTO organisation(id,version,adresse,code_postal,date_creation,denomination,duns_number,hatvp_number,type_identifiant_national,pays,rna,siren,siteweb,ville,nom_usage_siren) VALUES (71,0,'MONSIEUR YVES MOREAU\n20 RUE PASTEUR','37140', '2017-12-01 15:48:07.340','MOREAU YVES',null,null,'SIREN','FRANCE',null,'305922213',null,'BOURGUEIL',null);
INSERT INTO organisation(id,version,adresse,code_postal,date_creation,denomination,duns_number,hatvp_number,type_identifiant_national,pays,rna,siren,siteweb,ville,nom_usage_siren) VALUES (72,0,'ACCA DE BOURGUIGNON','25150', '2017-12-01 15:48:07.330','ACCA DE BOURGUIGNON',null,null,'SIREN','FRANCE',null,'305533150',null,'BOURGUIGNON',null);
INSERT INTO organisation(id,version,adresse,code_postal,date_creation,denomination,duns_number,hatvp_number,type_identifiant_national,pays,rna,siren,siteweb,ville,nom_usage_siren) VALUES (73,0,'MONSIEUR JEAN MUNOZ','34560', '2017-12-01 15:48:07.300','MUNOZ JEAN',null,null,'SIREN','FRANCE',null,'304182132',null,'VILLEVEYRAC',null);
INSERT INTO organisation(id,version,adresse,code_postal,date_creation,denomination,duns_number,hatvp_number,type_identifiant_national,pays,rna,siren,siteweb,ville,nom_usage_siren) VALUES (74,0,'VALER\n29 31\n29 RUE SAINT DIZIER','54000', '2017-12-01 15:48:07.320','VALER',null,null,'SIREN','FRANCE',null,'305154478',null,'NANCY',null);
INSERT INTO organisation(id,version,adresse,code_postal,date_creation,denomination,duns_number,hatvp_number,type_identifiant_national,pays,rna,siren,siteweb,ville,nom_usage_siren) VALUES (75,0,'COMMUNE DE CHEISSOUX\nMAIRIE','87460', '2017-12-01 15:48:07.120','COMMUNE DE CHEISSOUX',null,null,'SIREN','FRANCE',null,'218704302',null,'CHEISSOUX',null);
INSERT INTO organisation(id,version,adresse,code_postal,date_creation,denomination,duns_number,hatvp_number,type_identifiant_national,pays,rna,siren,siteweb,ville,nom_usage_siren) VALUES (76,0,'ASSO GOURMETS\n15 VILLA DE L UNION','92140', '2017-12-01 15:48:07.310','ASSO GOURMETS',null,null,'SIREN','FRANCE',null,'304801673',null,'CLAMART',null);
INSERT INTO organisation(id,version,adresse,code_postal,date_creation,denomination,duns_number,hatvp_number,type_identifiant_national,pays,rna,siren,siteweb,ville,nom_usage_siren) VALUES (77,0,'MONSIEUR ANDRE FAVRE\n26 GRANDE RUE','54700', '2017-12-01 15:48:07.230','FAVRE ANDRE',null,null,'SIREN','FRANCE',null,'300430824',null,'LOISY',null);
INSERT INTO organisation(id,version,adresse,code_postal,date_creation,denomination,duns_number,hatvp_number,type_identifiant_national,pays,rna,siren,siteweb,ville,nom_usage_siren) VALUES (78,0,'COMMUNE DU CARBET\nMAIRIE\nBOURG','97221', '2017-12-01 15:48:07.180','COMMUNE DU CARBET',null,null,'SIREN','FRANCE',null,'219722048',null,'LE CARBET',null);
INSERT INTO organisation(id,version,adresse,code_postal,date_creation,denomination,duns_number,hatvp_number,type_identifiant_national,pays,rna,siren,siteweb,ville,nom_usage_siren) VALUES (79,0,'L B P\n3 RUE TARDIEU','75018', '2017-12-01 15:48:07.260','L.B.P',null,null,'SIREN','FRANCE',null,'301191235',null,'PARIS',null);
INSERT INTO organisation(id,version,adresse,code_postal,date_creation,denomination,duns_number,hatvp_number,type_identifiant_national,pays,rna,siren,siteweb,ville,nom_usage_siren) VALUES (80,0,'GFA REGEON','16330', '2017-12-01 15:48:07.290','GFA REGEON',null,null,'SIREN','FRANCE',null,'303615835',null,'XAMBES',null);
INSERT INTO organisation(id,version,adresse,code_postal,date_creation,denomination,duns_number,hatvp_number,type_identifiant_national,pays,rna,siren,siteweb,ville,nom_usage_siren) VALUES (81,0,'SCM VALHODI\n7 RUE JEAN CHATEL','35650', '2017-12-01 15:48:07.250','SCM VALHODI',null,null,'SIREN','FRANCE',null,'300822277',null,'LE RHEU',null);
INSERT INTO organisation(id,version,adresse,code_postal,date_creation,denomination,duns_number,hatvp_number,type_identifiant_national,pays,rna,siren,siteweb,ville,nom_usage_siren) VALUES (82,0,'R T C LYON\n18 PLACE GABRIEL RAMBAUD','69001', '2017-12-01 15:48:07.260','R T C LYON',null,null,'SIREN','FRANCE','W691055251','301350187',null,'LYON',null);
INSERT INTO organisation(id,version,adresse,code_postal,date_creation,denomination,duns_number,hatvp_number,type_identifiant_national,pays,rna,siren,siteweb,ville,nom_usage_siren) VALUES (83,0,'CAISSE DES ECOLES\nCDE\nMAIRIE','11400', '2017-12-01 15:48:07.190','CAISSE DES ECOLES',null,null,'SIREN','FRANCE',null,'261104277',null,'ST PAPOUL',null);
INSERT INTO organisation(id,version,adresse,code_postal,date_creation,denomination,duns_number,hatvp_number,type_identifiant_national,pays,rna,siren,siteweb,ville,nom_usage_siren) VALUES (84,0,'COMMUNE DE VERLIN\nMAIRIE','89330', '2017-12-01 15:48:07.160','COMMUNE DE VERLIN',null,null,'SIREN','FRANCE',null,'218904407',null,'VERLIN',null);
INSERT INTO organisation(id,version,adresse,code_postal,date_creation,denomination,duns_number,hatvp_number,type_identifiant_national,pays,rna,siren,siteweb,ville,nom_usage_siren) VALUES (85,0,'SIVOM DU VERVINOIS\n1 RUE BAUDELOT','02140', '2017-12-01 15:48:07.200','SIVOM DU VERVINOIS',null,null,'SIREN','FRANCE',null,'240200345',null,'VERVINS',null);
INSERT INTO organisation(id,version,adresse,code_postal,date_creation,denomination,duns_number,hatvp_number,type_identifiant_national,pays,rna,siren,siteweb,ville,nom_usage_siren) VALUES (86,0,'ASA DE TALLONE\nMAIRIE','20270', '2017-12-01 15:48:07.220','ASA DE TALLONE',null,null,'SIREN','FRANCE',null,'292020146',null,'TALLONE',null);
INSERT INTO organisation(id,version,adresse,code_postal,date_creation,denomination,duns_number,hatvp_number,type_identifiant_national,pays,rna,siren,siteweb,ville,nom_usage_siren) VALUES (87,0,'LANSART\n23 RUE DU CALVAIRE','92210', '2017-12-01 15:48:07.270','LANSART',null,null,'SIREN','FRANCE',null,'301894614',null,'ST CLOUD',null);
INSERT INTO organisation(id,version,adresse,code_postal,date_creation,denomination,duns_number,hatvp_number,type_identifiant_national,pays,rna,siren,siteweb,ville,nom_usage_siren) VALUES (88,0,'COMMUNE DE ROURA\nMAIRIE\nRUE MONTRAVEL','97311', '2017-12-01 15:48:07.180','COMMUNE DE ROURA',null,null,'SIREN','FRANCE',null,'219733102',null,'ROURA',null);
INSERT INTO organisation(id,version,adresse,code_postal,date_creation,denomination,duns_number,hatvp_number,type_identifiant_national,pays,rna,siren,siteweb,ville,nom_usage_siren) VALUES (89,0,'COMMUNE D AUREL\nMAIRIE','84390', '2017-12-01 15:48:07.110','COMMUNE D AUREL',null,null,'SIREN','FRANCE',null,'218400059',null,'AUREL',null);
INSERT INTO organisation(id,version,adresse,code_postal,date_creation,denomination,duns_number,hatvp_number,type_identifiant_national,pays,rna,siren,siteweb,ville,nom_usage_siren) VALUES (90,0,'ASA DE MONTREAL BLACY\nMAIRIE','89420', '2017-12-01 15:48:07.240','ASA DE MONTREAL BLACY',null,null,'SIREN','FRANCE',null,'298905910',null,'MONTREAL',null);
INSERT INTO organisation(id,version,adresse,code_postal,date_creation,denomination,duns_number,hatvp_number,type_identifiant_national,pays,rna,siren,siteweb,ville,nom_usage_siren) VALUES (91,0,'MJC DE MASSAGUEL','81110', '2017-12-01 15:48:07.310','MJC DE MASSAGUEL',null,null,'SIREN','FRANCE',null,'304317290',null,'MASSAGUEL',null);
INSERT INTO organisation(id,version,adresse,code_postal,date_creation,denomination,duns_number,hatvp_number,type_identifiant_national,pays,rna,siren,siteweb,ville,nom_usage_siren) VALUES (92,0,'COMMUNE DE SOLIGNAC\nMAIRIE','87110', '2017-12-01 15:48:07.140','COMMUNE DE SOLIGNAC',null,null,'SIREN','FRANCE',null,'218719201',null,'SOLIGNAC',null);
INSERT INTO organisation(id,version,adresse,code_postal,date_creation,denomination,duns_number,hatvp_number,type_identifiant_national,pays,rna,siren,siteweb,ville,nom_usage_siren) VALUES (93,0,'CCAS DE DRAILLANT\nMAIRIE','74550', '2017-12-01 15:48:07.210','CCAS DE DRAILLANT',null,null,'SIREN','FRANCE',null,'267411098',null,'DRAILLANT',null);
INSERT INTO organisation(id,version,adresse,code_postal,date_creation,denomination,duns_number,hatvp_number,type_identifiant_national,pays,rna,siren,siteweb,ville,nom_usage_siren) VALUES (94,0,'GARAGE DU BOURG NEUF','64160', '2017-12-01 15:48:07.330','GARAGE DU BOURG NEUF',null,null,'SIREN','FRANCE',null,'305177586',null,'ST JAMMES',null);
INSERT INTO organisation(id,version,adresse,code_postal,date_creation,denomination,duns_number,hatvp_number,type_identifiant_national,pays,rna,siren,siteweb,ville,nom_usage_siren) VALUES (95,0,'SOC HOTEL ST HUBERT\n27 RUE TRAVERSIERE','75012', '2017-12-01 15:48:07.270','SOC HOTEL ST HUBERT',null,null,'SIREN','FRANCE',null,'301500054',null,'PARIS',null);
INSERT INTO organisation(id,version,adresse,code_postal,date_creation,denomination,duns_number,hatvp_number,type_identifiant_national,pays,rna,siren,siteweb,ville,nom_usage_siren) VALUES (96,0,'EHPAD\n69 RUE DE LA REPUBLIQUE','61160', '2017-12-01 15:48:07.200','EHPAD',null,null,'SIREN','FRANCE',null,'266100619',null,'TRUN',null);
INSERT INTO organisation(id,version,adresse,code_postal,date_creation,denomination,duns_number,hatvp_number,type_identifiant_national,pays,rna,siren,siteweb,ville,nom_usage_siren) VALUES (97,0,'COMMUNE ASSOCIEE DE POINCHY','89800', '2017-12-01 15:48:07.160','COMMUNE ASSOCIEE DE POINCHY',null,null,'SIREN','FRANCE',null,'218903052',null,'CHABLIS',null);
INSERT INTO organisation(id,version,adresse,code_postal,date_creation,denomination,duns_number,hatvp_number,type_identifiant_national,pays,rna,siren,siteweb,ville,nom_usage_siren) VALUES (98,0,'ASHURST\nLONDRES',null, '2017-12-01 15:48:07.300','ASHURST',null,null,'SIREN','ROYAUME-UNI',null,'304099575',null,null,null);

INSERT INTO utilisateur_bo(id,version,compte_actif,compte_supprime,email,nom,password,prenom) VALUES (1,1,true,false,'tanguy.vonstebut-externe@hatvp.fr','Nom','$2a$10$/V5LKHU5WanFtQ1LlbnYTe.gcqTdmpHu9MP1KmaRHo7s.zC4XpYo2','Prénom');

INSERT INTO organisation(id,version,adresse,code_postal,date_creation,denomination,duns_number,hatvp_number,type_identifiant_national,pays,rna,siren,siteweb,ville,nom_usage_siren) VALUES (99,0,'MADAME JOSSELINE ABRY\nROUVES','06420', '2017-12-01 15:48:07.280','SCALA ABRY JOSSELINE',null,null,'SIREN','FRANCE',null,'302422712',null,'MARIE',null);
INSERT INTO organisation(id,version,adresse,code_postal,date_creation,denomination,duns_number,hatvp_number,type_identifiant_national,pays,rna,siren,siteweb,ville,nom_usage_siren) VALUES (100,0,'COMMUNE DE BUC\nMAIRIE','90800', '2017-12-01 15:48:07.170','COMMUNE DE BUC',null,null,'SIREN','FRANCE',null,'219000205',null,'BUC',null);
INSERT INTO organisation(id,version,adresse,code_postal,date_creation,denomination,duns_number,hatvp_number,type_identifiant_national,pays,rna,siren,siteweb,ville,nom_usage_siren) VALUES (101,0,'COMMUNE DE GOAS\nMAIRIE','82500', '2017-12-01 16:25:28.630','COMMUNE DE GOAS',null,null,'SIREN','FRANCE',null,'218200715',null,'GOAS',null);
INSERT INTO organisation(id,version,adresse,code_postal,date_creation,denomination,duns_number,hatvp_number,type_identifiant_national,pays,rna,siren,siteweb,ville,nom_usage_siren) VALUES (102,0,'COMMUNE D AUGE\nMAIRIE','08380', '2017-12-01 16:25:28.620','COMMUNE D''AUGE',null,null,'SIREN','FRANCE',null,'210800280',null,'AUGE',null);
INSERT INTO organisation(id,version,adresse,code_postal,date_creation,denomination,duns_number,hatvp_number,type_identifiant_national,pays,rna,siren,siteweb,ville,nom_usage_siren) VALUES (103,0,'COLLEGE NOES\n8 AVENUE DE NOES','33600', '2017-12-01 16:25:28.610','COLLEGE NOES',null,null,'SIREN','FRANCE',null,'193317583',null,'PESSAC',null);
INSERT INTO organisation(id,version,adresse,code_postal,date_creation,denomination,duns_number,hatvp_number,type_identifiant_national,pays,rna,siren,siteweb,ville,nom_usage_siren) VALUES (104,0,'CA D EPINAL\n4 RUE LOUIS MEYER','88190', '2017-12-01 16:25:28.630','CA D''EPINAL',null,null,'SIREN','FRANCE',null,'200068757',null,'GOLBEY',null);
INSERT INTO organisation(id,version,adresse,code_postal,date_creation,denomination,duns_number,hatvp_number,type_identifiant_national,pays,rna,siren,siteweb,ville,nom_usage_siren) VALUES (105,0,'COLLEGE MONTAIGNE\n17 RUE AUGUSTE COMTE','75006', '2017-12-01 16:25:28.610','COLLEGE MONTAIGNE',null,null,'SIREN','FRANCE',null,'197525272',null,'PARIS',null);
INSERT INTO organisation(id,version,adresse,code_postal,date_creation,denomination,duns_number,hatvp_number,type_identifiant_national,pays,rna,siren,siteweb,ville,nom_usage_siren) VALUES (106,0,'PROVINCE SUD\nBP L1','98800', '2017-12-01 16:25:28.620','PROVINCE SUD',null,null,'SIREN','FRANCE',null,'200012490',null,'NOUMEA',null);
INSERT INTO organisation(id,version,adresse,code_postal,date_creation,denomination,duns_number,hatvp_number,type_identifiant_national,pays,rna,siren,siteweb,ville,nom_usage_siren) VALUES (107,0,'SCI LARAMA\n6 HOUELBOURG','97122', '2017-12-05 12:08:51.926','SCI LARAMA',null,null,'SIREN','FRANCE',null,'322075581',null,'BAIE MAHAULT',null);
INSERT INTO organisation(id,version,adresse,code_postal,date_creation,denomination,duns_number,hatvp_number,type_identifiant_national,pays,rna,siren,siteweb,ville,nom_usage_siren) VALUES (108,0,'EARL LANGLET\n12 RUE DE NOYON','60190', '2017-12-05 12:09:32.651','EARL LANGLET',null,null,'SIREN','FRANCE',null,'322584442',null,'REMY',null);
INSERT INTO organisation(id,version,adresse,code_postal,date_creation,denomination,duns_number,hatvp_number,type_identifiant_national,pays,rna,siren,siteweb,ville,nom_usage_siren) VALUES (109,0,'MONSIEUR PIERRE MOREAU\nHARDY','77710', '2017-12-05 14:15:49.180','MOREAU PIERRE',null,null,'SIREN','FRANCE',null,'326574373',null,'PALEY',null);
INSERT INTO organisation(id,version,adresse,code_postal,date_creation,denomination,duns_number,hatvp_number,type_identifiant_national,pays,rna,siren,siteweb,ville,nom_usage_siren) VALUES (110,0,'LES SOURCES',null, '2017-12-05 14:16:20.464','LES SOURCES',null,null,'SIREN','PAYS BAS',null,'327033353',null,null,null);
INSERT INTO organisation(id,version,adresse,code_postal,date_creation,denomination,duns_number,hatvp_number,type_identifiant_national,pays,rna,siren,siteweb,ville,nom_usage_siren) VALUES (111,0,'JOSCO\n40 RUE VITAL','75116', '2017-12-05 14:16:50.293','JOSCO',null,null,'SIREN','FRANCE',null,'327643029',null,'PARIS',null);

INSERT INTO declarant(id,version,compte_actif,date_naissance,civilite,email,date_expiration_key_email,key_email_confirmation,email_temp,date_derniere_connexion,nom,password,prenom,date_expiration_key_recuperation,key_recuperation_compte,telephone) VALUES (1,0,false, '1994-06-18 02:00:00.0','M','aze@test.fr', '2017-11-03 17:06:59.295','VNnTmm8Bf5ICNY6adSAkeeBqzWKtb5',null, '2017-12-05 12:26:34.631','RAMONI','$2a$10$i0PdaqU9JOkix9PPZUktVOrB7AMiu/YU1dsOX6RMO1GBBHdlAHAHW','Qsd',null,null,'0600000000');
INSERT INTO declarant(id,version,compte_actif,date_naissance,civilite,email,date_expiration_key_email,key_email_confirmation,email_temp,date_derniere_connexion,nom,password,prenom,date_expiration_key_recuperation,key_recuperation_compte,telephone) VALUES (2,218,true, '1980-07-19 02:00:00.0','M','t.stebut@gmail.com', '2017-12-05 14:39:37.196','upGDF3eIM5m1twybFbVzFEQz2j5Dd9','tA.stebut@gmail.com', '2017-12-07 18:44:45.438','VON STEBUT','$2a$10$/V5LKHU5WanFtQ1LlbnYTe.gcqTdmpHu9MP1KmaRHo7s.zC4XpYo2','Tanguy',null,null,'0660902103');
INSERT INTO declarant(id,version,compte_actif,date_naissance,civilite,email,date_expiration_key_email,key_email_confirmation,email_temp,date_derniere_connexion,nom,password,prenom,date_expiration_key_recuperation,key_recuperation_compte,telephone) VALUES (3,3,true, '1980-07-19 02:00:00.0','M','tanguy.von.stebut@gmail.com', '2017-12-05 11:54:45.240','aKiqGk1jVyK5vXgVQJZONSsFMplRhv',null, '2017-12-06 15:18:30.891','TEST','$2a$10$/V5LKHU5WanFtQ1LlbnYTe.gcqTdmpHu9MP1KmaRHo7s.zC4XpYo2','Testt',null,null,'+33660902103');
INSERT INTO declarant(id,version,compte_actif,date_naissance,civilite,email,date_expiration_key_email,key_email_confirmation,email_temp,date_derniere_connexion,nom,password,prenom,date_expiration_key_recuperation,key_recuperation_compte,telephone) VALUES (4,5,true, '2017-12-05 11:52:05.501','M','test@ok.fr', '2017-12-05 11:52:05.501','upGDF3eIM5m1twybFbVzFEQz2j5Dd8',null, '2017-12-06 15:22:15.430','TEST','$2a$10$/V5LKHU5WanFtQ1LlbnYTe.gcqTdmpHu9MP1KmaRHo7s.zC4XpYo2','Testt',null,null,'0660902103');
INSERT INTO declarant(id,version,compte_actif,date_naissance,civilite,email,date_expiration_key_email,key_email_confirmation,email_temp,date_derniere_connexion,nom,password,prenom,date_expiration_key_recuperation,key_recuperation_compte,telephone) VALUES (5,0,true, '2017-12-05 11:53:59.786','M','ttt@ok.fr', '2017-12-05 11:53:59.786','upGDF3eIM5m1twybFbVzFEQz2j5Dd7',null, '2017-12-05 12:26:34.631','TEST','$2a$10$/V5LKHU5WanFtQ1LlbnYTe.gcqTdmpHu9MP1KmaRHo7s.zC4XpYo2','Testt',null,null,'0660902103');
INSERT INTO declarant(id,version,compte_actif,date_naissance,civilite,email,date_expiration_key_email,key_email_confirmation,email_temp,date_derniere_connexion,nom,password,prenom,date_expiration_key_recuperation,key_recuperation_compte,telephone) VALUES (6,0,true, '2017-12-05 11:54:15.588','M','tt@ok.fr', '2017-12-05 11:54:15.588','upGDF3eIM5m1twybFbVzFEQz2j5Dd6',null, '2017-12-05 12:26:34.631','TEST','$2a$10$/V5LKHU5WanFtQ1LlbnYTe.gcqTdmpHu9MP1KmaRHo7s.zC4XpYo2','Testt',null,null,'0660902103');
INSERT INTO declarant(id,version,compte_actif,date_naissance,civilite,email,date_expiration_key_email,key_email_confirmation,email_temp,date_derniere_connexion,nom,password,prenom,date_expiration_key_recuperation,key_recuperation_compte,telephone) VALUES (7,0,true, '2017-12-05 16:47:13.264','M','a@a.Fr', '2017-12-05 16:47:13.264','1',null, '2017-12-05 15:56:05.545','TEST 1','$2a$10$/V5LKHU5WanFtQ1LlbnYTe.gcqTdmpHu9MP1KmaRHo7s.zC4XpYo2','',null,null,'');
INSERT INTO declarant(id,version,compte_actif,date_naissance,civilite,email,date_expiration_key_email,key_email_confirmation,email_temp,date_derniere_connexion,nom,password,prenom,date_expiration_key_recuperation,key_recuperation_compte,telephone) VALUES (8,0,true, '2017-12-05 16:47:53.223','M','b@b.fr', '2017-12-05 16:47:53.223','2',null, '2017-12-05 15:56:05.545','TEST 2','$2a$10$/V5LKHU5WanFtQ1LlbnYTe.gcqTdmpHu9MP1KmaRHo7s.zC4XpYo2','',null,null,'');
INSERT INTO declarant(id,version,compte_actif,date_naissance,civilite,email,date_expiration_key_email,key_email_confirmation,email_temp,date_derniere_connexion,nom,password,prenom,date_expiration_key_recuperation,key_recuperation_compte,telephone) VALUES (9,0,true, '2017-12-05 16:48:38.721','M','c@c.gt', '2017-12-05 16:48:38.721','3',null, '2017-12-05 15:56:05.545','TEST 3','$2a$10$/V5LKHU5WanFtQ1LlbnYTe.gcqTdmpHu9MP1KmaRHo7s.zC4XpYo2','',null,null,'');
INSERT INTO declarant(id,version,compte_actif,date_naissance,civilite,email,date_expiration_key_email,key_email_confirmation,email_temp,date_derniere_connexion,nom,password,prenom,date_expiration_key_recuperation,key_recuperation_compte,telephone) VALUES (10,0,true, '2017-12-05 16:48:58.803','M','d@d.lk', '2017-12-05 16:48:58.803','4',null, '2017-12-05 15:56:05.545','TEST 4','$2a$10$/V5LKHU5WanFtQ1LlbnYTe.gcqTdmpHu9MP1KmaRHo7s.zC4XpYo2','',null,null,'');
INSERT INTO declarant(id,version,compte_actif,date_naissance,civilite,email,date_expiration_key_email,key_email_confirmation,email_temp,date_derniere_connexion,nom,password,prenom,date_expiration_key_recuperation,key_recuperation_compte,telephone) VALUES (11,0,true, '2017-12-05 16:49:27.673','M','e@e.fr', '2017-12-05 16:49:27.673','5',null, '2017-12-05 15:56:05.545','TEST 5','$2a$10$/V5LKHU5WanFtQ1LlbnYTe.gcqTdmpHu9MP1KmaRHo7s.zC4XpYo2','',null,null,'');
INSERT INTO declarant(id,version,compte_actif,date_naissance,civilite,email,date_expiration_key_email,key_email_confirmation,email_temp,date_derniere_connexion,nom,password,prenom,date_expiration_key_recuperation,key_recuperation_compte,telephone) VALUES (12,1,true, '2017-12-05 16:49:40.525','M','b@b.hg', '2017-12-05 16:49:40.525','6',null, '2017-12-07 14:03:51.794','TEST 6','$2a$10$/V5LKHU5WanFtQ1LlbnYTe.gcqTdmpHu9MP1KmaRHo7s.zC4XpYo2','',null,null,'');

INSERT INTO espace_organisation(id,version,adresse,anneebudget,annee_ca,annee_ca_intert,anneedepenses,budget,categorie_organisation,ca,ca_interet,code_postal,date_creation,date_action_creation,depenses,email_de_contact,espace_actif,page_facebook,page_linkedin,page_twitter,website,logo,logo_type,n_personnes_employees,new_publication,niveau_intervention,non_declaration_association,non_declaration_tiers,non_publier_mon_email,non_publier_mon_adresse,non_publier_mon_telephone,pays,publication_enabled,representant_legal,secteur_activite,statut_creation_bo,telephone_de_contact,ville,createur_espace_id,organisation_id,utilisateur_bo_action_creation_id,nom_usage_siren,elements_a_publier) VALUES (1,8,'CELAD\n48 ROUTE DE LAVAUR\nBP 93239',null,null,null,null,null,'SOCOM',null,null,'31130', '2017-11-14 16:35:05.370', '2017-12-01 11:08:58.181',null,null,true,null,null,null,null,null,'image/jpeg',null,true,'NATIONAL,',false,false,false,false,false,'FRANCE',true,true,'SOCIETE,','ACCEPTEE',null,'BALMA',2,1,1,'ok',FALSE);
INSERT INTO espace_organisation(id,version,adresse,anneebudget,annee_ca,annee_ca_intert,anneedepenses,budget,categorie_organisation,ca,ca_interet,code_postal,date_creation,date_action_creation,depenses,email_de_contact,espace_actif,page_facebook,page_linkedin,page_twitter,website,logo,logo_type,n_personnes_employees,new_publication,niveau_intervention,non_declaration_association,non_declaration_tiers,non_publier_mon_email,non_publier_mon_adresse,non_publier_mon_telephone,pays,publication_enabled,representant_legal,secteur_activite,statut_creation_bo,telephone_de_contact,ville,createur_espace_id,organisation_id,utilisateur_bo_action_creation_id,nom_usage_siren,elements_a_publier) VALUES (2,3,'ECONOCOM FRANCE\n40 QUAI DE DION BOUTON\nCS 60011',null,null,null,null,null,null,null,null,'92812', '2017-12-01 11:15:00.760', '2017-12-01 11:15:35.876',null,null,true,null,null,null,null,null,null,null,false,null,false,false,false,false,false,'FRANCE',true,true,null,'ACCEPTEE',null,'PUTEAUX CEDEX',2,2,1,null);
INSERT INTO espace_organisation(id,version,adresse,anneebudget,annee_ca,annee_ca_intert,anneedepenses,budget,categorie_organisation,ca,ca_interet,code_postal,date_creation,date_action_creation,depenses,email_de_contact,espace_actif,page_facebook,page_linkedin,page_twitter,website,logo,logo_type,n_personnes_employees,new_publication,niveau_intervention,non_declaration_association,non_declaration_tiers,non_publier_mon_email,non_publier_mon_adresse,non_publier_mon_telephone,pays,publication_enabled,representant_legal,secteur_activite,statut_creation_bo,telephone_de_contact,ville,createur_espace_id,organisation_id,utilisateur_bo_action_creation_id,nom_usage_siren,elements_a_publier) VALUES (3,2,'APPLE RETAIL FRANCE EURL\nTMF POLE\n52 RUE DE LA VICTOIRE',null,null,null,null,null,'SOCOM',null,null,'75009', '2017-12-01 11:32:12.661', '2017-12-01 11:37:57.735',null,null,true,null,null,null,null,null,null,null,false,null,false,false,false,false,false,'FRANCE',true,true,null,'ACCEPTEE',null,'PARIS',2,3,1,'HELLO !!!!!!!!!!!!!!!!!!!!!!!!!!!!!!!! nom d''usage',FALSE);
INSERT INTO espace_organisation(id,version,adresse,anneebudget,annee_ca,annee_ca_intert,anneedepenses,budget,categorie_organisation,ca,ca_interet,code_postal,date_creation,date_action_creation,depenses,email_de_contact,espace_actif,page_facebook,page_linkedin,page_twitter,website,logo,logo_type,n_personnes_employees,new_publication,niveau_intervention,non_declaration_association,non_declaration_tiers,non_publier_mon_email,non_publier_mon_adresse,non_publier_mon_telephone,pays,publication_enabled,representant_legal,secteur_activite,statut_creation_bo,telephone_de_contact,ville,createur_espace_id,organisation_id,utilisateur_bo_action_creation_id,nom_usage_siren,elements_a_publier) VALUES (4,1,'GROUPE OPEN\n24 32 CHAMPERRET\nCARRE\n24 RUE JACQUES IBERT',null,null,null,null,null,null,null,null,'92300', '2017-12-01 12:11:37.863', '2017-12-01 12:12:13.966',null,null,true,null,null,null,null,null,null,null,false,null,false,false,false,false,false,'FRANCE',true,true,null,'ACCEPTEE',null,'LEVALLOIS PERRET',2,5,1,null,FALSE);
INSERT INTO espace_organisation(id,version,adresse,anneebudget,annee_ca,annee_ca_intert,anneedepenses,budget,categorie_organisation,ca,ca_interet,code_postal,date_creation,date_action_creation,depenses,email_de_contact,espace_actif,page_facebook,page_linkedin,page_twitter,website,logo,logo_type,n_personnes_employees,new_publication,niveau_intervention,non_declaration_association,non_declaration_tiers,non_publier_mon_email,non_publier_mon_adresse,non_publier_mon_telephone,pays,publication_enabled,representant_legal,secteur_activite,statut_creation_bo,telephone_de_contact,ville,createur_espace_id,organisation_id,utilisateur_bo_action_creation_id,nom_usage_siren,elements_a_publier) VALUES (5,1,'COMMUNE D ARS\nMAIRIE\nLE BOURG',null,null,null,null,null,null,null,null,'23480', '2017-12-05 11:58:01.508', '2017-12-05 12:07:16.410',null,null,true,null,null,null,null,null,null,null,false,null,false,false,false,false,false,'FRANCE',true,true,null,'ACCEPTEE',null,'ARS',2,14,1,null,FALSE);
INSERT INTO espace_organisation(id,version,adresse,anneebudget,annee_ca,annee_ca_intert,anneedepenses,budget,categorie_organisation,ca,ca_interet,code_postal,date_creation,date_action_creation,depenses,email_de_contact,espace_actif,page_facebook,page_linkedin,page_twitter,website,logo,logo_type,n_personnes_employees,new_publication,niveau_intervention,non_declaration_association,non_declaration_tiers,non_publier_mon_email,non_publier_mon_adresse,non_publier_mon_telephone,pays,publication_enabled,representant_legal,secteur_activite,statut_creation_bo,telephone_de_contact,ville,createur_espace_id,organisation_id,utilisateur_bo_action_creation_id,nom_usage_siren,elements_a_publier) VALUES (6,1,'COMMUNE DE POYOLS\nMAIRIE',null,null,null,null,null,null,null,null,'26310', '2017-12-05 11:59:08.912', '2017-12-05 12:07:23.125',null,null,true,null,null,null,null,null,null,null,false,null,false,false,false,false,false,'FRANCE',true,true,null,'ACCEPTEE',null,'POYOLS',2,54,1,null,FALSE);
INSERT INTO espace_organisation(id,version,adresse,anneebudget,annee_ca,annee_ca_intert,anneedepenses,budget,categorie_organisation,ca,ca_interet,code_postal,date_creation,date_action_creation,depenses,email_de_contact,espace_actif,page_facebook,page_linkedin,page_twitter,website,logo,logo_type,n_personnes_employees,new_publication,niveau_intervention,non_declaration_association,non_declaration_tiers,non_publier_mon_email,non_publier_mon_adresse,non_publier_mon_telephone,pays,publication_enabled,representant_legal,secteur_activite,statut_creation_bo,telephone_de_contact,ville,createur_espace_id,organisation_id,utilisateur_bo_action_creation_id,nom_usage_siren,elements_a_publier) VALUES (7,1,'COMMUNE DE BOISNEY\nMAIRIE',null,null,null,null,null,null,null,null,'27800', '2017-12-05 11:59:39.395', '2017-12-05 12:07:28.744',null,null,true,null,null,null,null,null,null,null,false,null,false,false,false,false,false,'FRANCE',true,true,null,'ACCEPTEE',null,'BOISNEY',2,33,1,null,FALSE);
INSERT INTO espace_organisation(id,version,adresse,anneebudget,annee_ca,annee_ca_intert,anneedepenses,budget,categorie_organisation,ca,ca_interet,code_postal,date_creation,date_action_creation,depenses,email_de_contact,espace_actif,page_facebook,page_linkedin,page_twitter,website,logo,logo_type,n_personnes_employees,new_publication,niveau_intervention,non_declaration_association,non_declaration_tiers,non_publier_mon_email,non_publier_mon_adresse,non_publier_mon_telephone,pays,publication_enabled,representant_legal,secteur_activite,statut_creation_bo,telephone_de_contact,ville,createur_espace_id,organisation_id,utilisateur_bo_action_creation_id,nom_usage_siren,elements_a_publier) VALUES (8,1,'SCI LARAMA\n6 HOUELBOURG',null,null,null,null,null,null,null,null,'97122', '2017-12-05 12:08:51.975', '2017-12-05 12:13:50.460',null,null,true,null,null,null,null,null,null,null,false,null,false,false,false,false,false,'FRANCE',true,true,null,'ACCEPTEE',null,'BAIE MAHAULT',2,107,1,null,FALSE);
INSERT INTO espace_organisation(id,version,adresse,anneebudget,annee_ca,annee_ca_intert,anneedepenses,budget,categorie_organisation,ca,ca_interet,code_postal,date_creation,date_action_creation,depenses,email_de_contact,espace_actif,page_facebook,page_linkedin,page_twitter,website,logo,logo_type,n_personnes_employees,new_publication,niveau_intervention,non_declaration_association,non_declaration_tiers,non_publier_mon_email,non_publier_mon_adresse,non_publier_mon_telephone,pays,publication_enabled,representant_legal,secteur_activite,statut_creation_bo,telephone_de_contact,ville,createur_espace_id,organisation_id,utilisateur_bo_action_creation_id,nom_usage_siren,elements_a_publier) VALUES (9,1,'EARL LANGLET\n12 RUE DE NOYON',null,null,null,null,null,null,null,null,'60190', '2017-12-05 12:09:32.681', '2017-12-05 12:14:11.467',null,null,true,null,null,null,null,null,null,null,false,null,false,false,false,false,false,'FRANCE',true,true,null,'ACCEPTEE',null,'REMY',2,108,1,null,FALSE);
INSERT INTO espace_organisation(id,version,adresse,anneebudget,annee_ca,annee_ca_intert,anneedepenses,budget,categorie_organisation,ca,ca_interet,code_postal,date_creation,date_action_creation,depenses,email_de_contact,espace_actif,page_facebook,page_linkedin,page_twitter,website,logo,logo_type,n_personnes_employees,new_publication,niveau_intervention,non_declaration_association,non_declaration_tiers,non_publier_mon_email,non_publier_mon_adresse,non_publier_mon_telephone,pays,publication_enabled,representant_legal,secteur_activite,statut_creation_bo,telephone_de_contact,ville,createur_espace_id,organisation_id,utilisateur_bo_action_creation_id,nom_usage_siren,elements_a_publier) VALUES (10,1,'MONSIEUR PIERRE MOREAU\nHARDY',null,null,null,null,null,null,null,null,'77710', '2017-12-05 14:15:49.102', '2017-12-05 14:17:06.425',null,null,true,null,null,null,null,null,null,null,false,null,false,false,false,false,false,'FRANCE',true,true,null,'ACCEPTEE',null,'PALEY',4,109,1,null,FALSE);
INSERT INTO espace_organisation(id,version,adresse,anneebudget,annee_ca,annee_ca_intert,anneedepenses,budget,categorie_organisation,ca,ca_interet,code_postal,date_creation,date_action_creation,depenses,email_de_contact,espace_actif,page_facebook,page_linkedin,page_twitter,website,logo,logo_type,n_personnes_employees,new_publication,niveau_intervention,non_declaration_association,non_declaration_tiers,non_publier_mon_email,non_publier_mon_adresse,non_publier_mon_telephone,pays,publication_enabled,representant_legal,secteur_activite,statut_creation_bo,telephone_de_contact,ville,createur_espace_id,organisation_id,utilisateur_bo_action_creation_id,nom_usage_siren,elements_a_publier) VALUES (11,1,'LES SOURCES',null,null,null,null,null,null,null,null,null, '2017-12-05 14:16:20.498', '2017-12-05 14:17:13.200',null,null,true,null,null,null,null,null,null,null,false,null,false,false,false,false,false,'PAYS BAS',true,true,null,'ACCEPTEE',null,null,4,110,1,null,FALSE);
INSERT INTO espace_organisation(id,version,adresse,anneebudget,annee_ca,annee_ca_intert,anneedepenses,budget,categorie_organisation,ca,ca_interet,code_postal,date_creation,date_action_creation,depenses,email_de_contact,espace_actif,page_facebook,page_linkedin,page_twitter,website,logo,logo_type,n_personnes_employees,new_publication,niveau_intervention,non_declaration_association,non_declaration_tiers,non_publier_mon_email,non_publier_mon_adresse,non_publier_mon_telephone,pays,publication_enabled,representant_legal,secteur_activite,statut_creation_bo,telephone_de_contact,ville,createur_espace_id,organisation_id,utilisateur_bo_action_creation_id,nom_usage_siren,elements_a_publier) VALUES (12,1,'JOSCO\n40 RUE VITAL',null,null,null,null,null,null,null,null,'75116', '2017-12-05 14:16:50.322', '2017-12-05 14:17:18.416',null,null,true,null,null,null,null,null,null,null,false,null,false,false,false,false,false,'FRANCE',true,true,null,'ACCEPTEE',null,'PARIS',4,111,1,null,FALSE);

INSERT INTO inscription_espace(id,version,actif,date_demande,date_suppression,date_validation,favori,verrouille,declarant_id,espace_organisation_id) VALUES (1,2,true, '2017-11-14 16:35:05.414',null, '2017-11-14 16:35:05.416',true,false,2,1);
INSERT INTO inscription_espace(id,version,actif,date_demande,date_suppression,date_validation,favori,verrouille,declarant_id,espace_organisation_id) VALUES (2,2,true, '2017-12-01 11:15:00.137',null, '2017-12-01 11:15:00.174',false,false,2,2);
INSERT INTO inscription_espace(id,version,actif,date_demande,date_suppression,date_validation,favori,verrouille,declarant_id,espace_organisation_id) VALUES (3,2,true, '2017-12-01 11:32:12.668',null, '2017-12-01 11:32:12.761',false,false,2,3);
INSERT INTO inscription_espace(id,version,actif,date_demande,date_suppression,date_validation,favori,verrouille,declarant_id,espace_organisation_id) VALUES (4,2,true, '2017-12-01 12:11:37.872',null, '2017-12-01 12:11:37.913',false,false,2,4);
INSERT INTO inscription_espace(id,version,actif,date_demande,date_suppression,date_validation,favori,verrouille,declarant_id,espace_organisation_id) VALUES (5,2,true, '2017-12-05 11:58:01.549',null, '2017-12-05 11:58:01.646',false,false,2,5);
INSERT INTO inscription_espace(id,version,actif,date_demande,date_suppression,date_validation,favori,verrouille,declarant_id,espace_organisation_id) VALUES (6,2,true, '2017-12-05 11:59:08.917',null, '2017-12-05 11:59:09.160',false,false,2,6);
INSERT INTO inscription_espace(id,version,actif,date_demande,date_suppression,date_validation,favori,verrouille,declarant_id,espace_organisation_id) VALUES (7,2,true, '2017-12-05 11:59:39.401',null, '2017-12-05 11:59:39.505',false,false,2,7);
INSERT INTO inscription_espace(id,version,actif,date_demande,date_suppression,date_validation,favori,verrouille,declarant_id,espace_organisation_id) VALUES (8,2,true, '2017-12-05 12:08:51.980',null, '2017-12-05 12:08:52.800',false,false,2,8);
INSERT INTO inscription_espace(id,version,actif,date_demande,date_suppression,date_validation,favori,verrouille,declarant_id,espace_organisation_id) VALUES (9,2,true, '2017-12-05 12:09:32.686',null, '2017-12-05 12:09:32.793',false,false,4,9);
INSERT INTO inscription_espace(id,version,actif,date_demande,date_suppression,date_validation,favori,verrouille,declarant_id,espace_organisation_id) VALUES (10,2,true, '2017-12-05 14:15:49.135',null, '2017-12-05 14:15:49.141',false,false,4,10);
INSERT INTO inscription_espace(id,version,actif,date_demande,date_suppression,date_validation,favori,verrouille,declarant_id,espace_organisation_id) VALUES (11,2,true, '2017-12-05 14:16:20.503',null, '2017-12-05 14:16:20.508',false,false,4,11);
INSERT INTO inscription_espace(id,version,actif,date_demande,date_suppression,date_validation,favori,verrouille,declarant_id,espace_organisation_id) VALUES (12,2,true, '2017-12-05 14:16:50.328',null, '2017-12-05 14:16:50.334',false,false,4,12);
INSERT INTO inscription_espace(id,version,actif,date_demande,date_suppression,date_validation,favori,verrouille,declarant_id,espace_organisation_id) VALUES (13,2,true, '2017-12-06 15:19:30.457',null, '2017-12-06 15:20:06.498',true,false,3,1);
INSERT INTO inscription_espace(id,version,actif,date_demande,date_suppression,date_validation,favori,verrouille,declarant_id,espace_organisation_id) VALUES (14,2,true, '2017-12-06 15:22:29.220',null, '2017-12-06 15:22:47.605',false,false,4,1);
INSERT INTO inscription_espace(id,version,actif,date_demande,date_suppression,date_validation,favori,verrouille,declarant_id,espace_organisation_id) VALUES (15,0,false, '2017-12-07 14:04:12.249',null,null,true,false,12,1);
INSERT INTO inscription_espace(id,version,actif,date_demande,date_suppression,date_validation,favori,verrouille,declarant_id,espace_organisation_id) VALUES (16,0,false, '2017-12-07 14:04:14.637',null,null,true,false,12,1);

INSERT INTO espace_organisation_piece(
   id,
   version,
   contenu_fichier,
   date_versement_piece,
   media_type,
   nom_fichier,
   origine_versement,
   declarant_id,
   espace_organisation_id
)
VALUES (20,0,'\\000'::bytea, '2017-12-06 15:22:29.220','image/jpeg','Penguins.jpg','DEMANDE_CHANGEMENT_MANDANT',1,1),
 (21,0,'\\000'::bytea, '2017-12-06 15:22:29.220','image/jpeg','Jellyfish.jpg','DEMANDE_CHANGEMENT_MANDANT',1,1),
 (22,0,'\\000'::bytea, '2017-12-06 15:22:29.220','image/jpeg','Desert.jpg','DEMANDE_CHANGEMENT_MANDANT',1,1),
 (23,0,'\\000'::bytea, '2017-12-06 15:22:29.220','image/jpeg','Tulips.jpg','DEMANDE_CHANGEMENT_MANDANT',1,1);

INSERT INTO demande_changement_mandant(id,version,date_demande,date_rejet,date_validation,is_representant_legal,declarant_dechu_id,declarant_promu_id,espace_organisation_id,categorie_demande,mandat_e_o_piece_id,identite_e_o_piece_id, declarant_id) VALUES (1,0, '2017-12-07 18:02:54.306',null,null,false,1,2,1,'REMPLACEMENT_OPERATIONNEL',20,null,1);
INSERT INTO demande_changement_mandant(id,version,date_demande,date_rejet,date_validation,is_representant_legal,declarant_dechu_id,declarant_promu_id,espace_organisation_id,categorie_demande,mandat_e_o_piece_id,identite_e_o_piece_id, declarant_id) VALUES (2,0, '2017-12-07 18:04:41.864', '2017-12-07 18:02:54.306',null,false,null,3,1,'AJOUT_OPERATIONNEL',21,null,1);
INSERT INTO demande_changement_mandant(id,version,date_demande,date_rejet,date_validation,is_representant_legal,declarant_dechu_id,declarant_promu_id,espace_organisation_id,categorie_demande,mandat_e_o_piece_id,identite_e_o_piece_id, declarant_id) VALUES (3,0, '2017-12-07 18:05:42.122',null, '2017-12-07 18:02:54.306',true,null,null,1,'CHANGEMENT_REPRESENTANT',22,23,1);
